{
    "coeff": [0, 1, 2, 3, 4, 5, 6, 8, 10, 12, 16, 20, 24],
    "CNN": [95.11, 91.2, 72.68, 52.38, 39.05, 30.21, 23.95, 16.66, 12.82, 10.47, 7.7, 6.1, 5.36],
    "CNNKAN": [97.7, 92.45, 72.38, 53.97, 40.73, 32.07, 25.84, 18.58, 14.92, 12.39, 9.11, 7.64, 7.11],
    "CKAN": [93.12, 87.15, 67.32, 49.95, 38.25, 29.84, 23.64, 15.57, 11.81, 9.44, 6.77, 5.51, 4.55],
    "CNN_blur": [88.71733966745843, 86.82501979414093, 80.10292953285827, 71.25098970704671, 62.62866191607284, 55.67695961995249, 49.80997624703088, 40.98178939034046, 33.285827395091054, 28.519398258115597, 21.243072050673, 16.15993665874901, 12.90577988915281],
    "CNNKAN_blur": [94.4893111638955, 91.57561361836896, 81.64687252573238, 69.73079968329374, 59.968329374505146, 52.304038004750595, 45.37608867775138, 36.3895486935867, 30.0, 24.829770387965162, 17.759303246239114, 13.18289786223278, 10.601741884402218],
    "CKAN_blur": [91.32224861441013, 87.37925574030088, 75.47110055423595, 64.07759303246239, 54.837688044338876, 47.65637371338084, 41.90023752969121, 33.11955661124307, 27.68804433887569, 24.156769596199524, 18.353127474267616, 15.15439429928741, 13.190815518606492],
    "CNN_mix": [91.52019002375297, 88.03642121931908, 77.30007917656374, 65.99366587490103, 57.695961995249405, 50.19794140934283, 44.77434679334917, 36.17577197149644, 29.817893903404592, 25.320665083135392, 19.30324623911322, 15.874901029295328, 13.768804433887569],
    "CNNKAN_mix": [95.08313539192399, 90.11084718923199, 76.73792557403009, 63.51543942992874, 52.64449722882027, 44.62391132224862, 38.43230403800475, 30.126682501979413, 24.996041171813143, 21.59144893111639, 16.37371338083927, 13.008709422011085, 10.989707046714173],
    "CKAN_mix": [84.83768804433888, 81.87648456057008, 73.0245447347585, 62.042755344418055, 52.280285035629454, 45.1464766429137, 39.21615201900237, 31.607284243863816, 26.429136975455265, 22.67616785431512, 16.95170229612035, 13.555027711797308, 11.987331749802058]
}