{
    "coeff": [-180, -165, -150, -135, -120, -105, -90, -75, -60, -45, -40, -35, -30, -25, -20, -15, -10, -5, 0, 5, 10, 15, 20, 25, 30, 35, 40, 45, 60, 75, 90, 105, 120, 135, 150, 165, 180],
    "CNN": [25.8, 21.67, 16.11, 16.23, 20.74, 21.54, 18.8, 16.37, 17.2, 16.94, 22.09, 31.25, 45.54, 62.8, 75.57, 85.28, 90.77, 93.75, 95.11, 93.59, 90.94, 86.04, 77.36, 62.1, 45.53, 31.58, 22.83, 16.94, 12.77, 13.99, 17.07, 20, 19.93, 19.3, 19.79, 23.08, 25.8],
    "CNNKAN": [29.4, 23.4, 16.7, 15.48, 20.48, 19.45, 16.58, 16.09, 16.05, 21.32, 27.34, 34.01, 44, 59.3, 73.65, 85.61, 92.64, 96.36, 97.7, 96.11, 92.51, 86.98, 78, 64.71, 51.03, 36.76, 26.86, 21.02, 17.24, 13.82, 14.15, 16.8, 17.07, 16.31, 19.33, 24.4, 29.4],
    "CKAN": [28.38, 22.91, 17.31, 18.26, 19.79, 20.16, 16.92, 17.02, 18.73, 20.44, 25.78, 36.22, 49.95, 64.08, 75.91, 83.76, 88.98, 91.82, 93.12, 91.39, 87.7, 83.63, 75.38, 60.58, 43.37, 30.97, 23.08, 18.73, 15.03, 14.99, 18.02, 20.74, 20.69, 19.44, 19.1, 25.08, 28.38],
    "CNN_rotation": [78.79651623119557, 75.17814726840855, 75.90657165479018, 74.77434679334917, 76.65874901029295, 75.56611243072051, 76.94378463974664, 75.83531274742676, 77.46634996041172, 80.19002375296913, 82.6682501979414, 84.12509897070467, 84.90894695170229, 85.98574821852732, 86.08867775138559, 87.40300870942201, 87.83847980997625, 89.04196357878068, 89.93665874901029, 88.45605700712589, 87.37925574030088, 87.07046714172606, 85.66904196357878, 85.2098178939034, 83.76088677751386, 82.88202692003168, 81.56769596199526, 79.44576405384007, 78.95486935866984, 75.55819477434679, 76.14410134600158, 73.94299287410927, 73.85589865399842, 73.44418052256532, 75.63737133808392, 76.49247822644497, 78.79651623119557],
    "CNNKAN_rotation": [75.1464766429137, 72.15360253365004, 70.16627078384798, 69.57244655581948, 72.67616785431512, 70.50673000791765, 70.63341250989707, 69.00237529691212, 70.58590657165479, 73.58669833729216, 78.11559778305622, 80.38796516231196, 82.37529691211401, 84.29928741092637, 86.270783847981, 87.97307996832937, 89.63578780680919, 91.1243072050673, 92.28028503562945, 91.0055423594616, 88.90736342042756, 87.55344418052256, 85.53444180522565, 83.83214568487728, 81.93190815518606, 80.06334125098971, 78.6381631037213, 75.76405384006334, 74.44180522565321, 71.72604908946951, 71.68646080760095, 69.46159936658749, 70.49089469517023, 71.14014251781472, 73.59461599366587, 73.39667458432304, 75.1464766429137],
    "CKAN_rotation": [74.22011084718923, 71.63895486935867, 71.44893111638955, 71.63103721298495, 70.42755344418052, 68.79651623119557, 69.88915281076801, 69.96832937450515, 72.54948535233571, 75.43942992874109, 77.28424386381631, 78.32145684877277, 79.67537608867775, 80.4750593824228, 81.37767220902613, 82.45447347585115, 82.92953285827394, 84.47347585114807, 86.38163103721298, 84.96437054631829, 82.88202692003168, 82.15360253365004, 81.08471892319874, 80.52256532066508, 79.62787015043547, 78.39271575613618, 77.11797307996832, 75.27315914489311, 71.7735550277118, 68.72525732383214, 68.89944576405384, 66.42913697545526, 69.57244655581948, 71.19556611243073, 69.50910530482977, 69.60411718131434, 74.22011084718923],
    "CNN_mix": [57.05463182897862, 52.50197941409343, 51.74980205859066, 50.84718923198733, 53.67379255740301, 49.54077593032462, 48.59857482185273, 47.84639746634996, 51.44101346001584, 58.07600950118765, 62.826603325415675, 66.8012668250198, 71.4806017418844, 76.48456057007125, 81.54394299287411, 85.28107680126682, 88.32145684877277, 90.79176563737134, 91.52019002375297, 89.77830562153602, 87.75930324623911, 84.86935866983373, 81.10847189231987, 76.49247822644497, 71.64687252573238, 67.2209026128266, 63.808392715756135, 59.72288202692003, 57.1021377672209, 53.523357086302454, 49.87331749802058, 49.34283452098179, 50.712589073634206, 51.57561361836896, 53.77672209026128, 55.25732383214569, 57.05463182897862],
    "CNNKAN_mix": [57.9889152810768, 55.69279493269992, 54.315122723673795, 52.42280285035629, 51.31433095803642, 48.36104513064133, 48.23436262866191, 49.39034045922407, 53.69754552652415, 59.29532858273951, 64.59224069675376, 69.31116389548694, 73.38875692794933, 78.28978622327791, 83.86381631037213, 88.32937450514648, 91.86064924782265, 94.55265241488519, 95.08313539192399, 93.42042755344418, 91.6547901821061, 88.8756927949327, 84.8535233570863, 80.4750593824228, 74.972288202692, 70.6492478226445, 65.76405384006334, 60.70467141726049, 54.64766429136976, 49.86539984164687, 48.69358669833729, 48.49564528899446, 49.05779889152811, 49.77830562153603, 52.8978622327791, 55.605700712589076, 57.9889152810768],
    "CKAN_mix": [59.01821060965954, 56.07284243863816, 52.58115597783056, 49.992082343626286, 50.665083135391924, 50.54631828978622, 51.48851939825811, 51.037212984956454, 55.25732383214569, 60.25336500395883, 65.09105304829771, 69.33491686460808, 73.34916864608076, 77.64845605700712, 81.49643705463183, 85.00395882818685, 87.49802058590657, 90.33254156769596, 91.32224861441013, 90.41963578780681, 88.74109263657957, 86.61916072842439, 83.06413301662708, 79.27949326999209, 75.55027711797308, 71.44893111638955, 67.58511480601742, 63.40459224069675, 54.34679334916865, 50.07125890736342, 49.683293745051465, 51.02137767220903, 53.2541567695962, 52.414885193982585, 53.2541567695962, 55.993665874901026, 59.01821060965954]
}