{
    "base": {
      "CNN": [
        95.10688836104514
      ],
      "CNNKAN": [
        97.70387965162313
      ],
      "CKAN": [
        93.11955661124307
      ],
      "CNN_mix": [
        91.52019002375297
      ],
      "CNNKAN_mix": [
        95.08313539192399
      ],
      "CKAN_mix": [
        91.32224861441013
      ]
    },
    "multiple_disturbances": {
      "CNN": [
        13.895486935866984
      ],
      "CNNKAN": [
        14.085510688836104
      ],
      "CKAN": [
        13.665874901029296
      ],
      "CNN_mix": [
        26.247030878859857
      ],
      "CNNKAN_mix": [
        25.486935866983373
      ],
      "CKAN_mix": [
        25.043547110055425
      ]
    }
}