{
    "coeff": [20, 15, 10, 5, 3, 2, 1.5, 1.25, 1, 0.8, 0.6, 0.5, 0.4, 0.3, 0.2, 0.1, 0],
    "CNN": [8.04, 13.78, 26.44, 58.69, 79.9, 89.77, 93.31, 94.48, 95.11, 94.34, 92.82, 91.46, 89.49, 85.23, 78.12, 57.66, 3.56],
    "CNNKAN": [5.64, 9.64, 20.59, 50.52, 74, 88.07, 94.55, 96.94, 97.7, 97, 93.78, 91.58, 87.59, 81.34, 71.23, 52.16, 3.56],
    "CKAN": [7.66, 11.71, 22.41, 50.23, 71.6, 84.55, 90.73, 92.19, 93.12, 92.38, 90.32, 88.84, 85.95, 80.82, 71.71, 49.57, 0.48],
    "CNN_brightness": [17.68804433887569, 26.642913697545527, 42.07442596991291, 71.243072050673, 84.42596991290579, 89.9920823436263, 92.27236737925574, 92.77117973079969, 92.92953285827394, 92.88994457640538, 92.6049089469517, 92.39904988123516, 92.31987331749802, 91.78147268408551, 89.96832937450515, 84.70308788598575, 5.23123213],
    "CNNKAN_brightness": [12.652414885193982, 19.231987331749803, 34.16468725257324, 67.8147268408551, 83.8479809976247, 91.78147268408551, 94.44972288202692, 95.51860649247823, 95.81947743467933, 95.30482977038797, 93.89548693586698, 92.13776722090262, 89.50910530482977, 85.39192399049881, 78.26603325415677, 57.87806809184482,  5.70213213324],
    "CKAN_brightness": [12.81076801266825, 20.91844813935075, 34.43388756927949, 62.81868566904196, 78.45605700712589, 86.326207442597, 89.77038796516231, 90.7680126682502, 91.32224861441013, 91.02929532858273, 89.87331749802058, 88.8756927949327, 86.71417260490895, 83.57878068091844, 76.50039588281868, 59.47743467933492, 3.0878859857482186],
    "CNN_mix": [13.151227236737926, 21.92399049881235, 35.954077593032466, 64.72684085510689, 79.1686460807601, 86.73000791765638, 89.67537608867775, 90.84718923198733, 91.52019002375297, 91.4806017418844, 90.41171813143309, 89.42201108471892, 88.15518606492478, 85.2652414885194, 80.0, 69.35866983372921, 5.225653206650831],
    "CNNKAN_mix": [12.438638163103722, 19.374505146476643, 34.924782264449725, 65.1464766429137, 81.97149643705463, 90.22961203483769, 94.09342834520982, 95.09105304829771, 95.08313539192399, 94.14885193982582, 91.84481393507522, 89.83372921615202, 87.72763262074426, 83.61836896278702, 76.42913697545526, 59.31908155186065, 5.225653206650831],
    "CKAN_mix": [17.925574030087095, 26.080760095011875, 41.68646080760095, 69.20031670625495, 82.82660332541568, 89.93665874901029, 92.63657957244655, 93.73713380839271, 94.45764053840064, 94.29136975455265, 93.76088677751386, 93.11955661124307, 92.3040380047506, 90.60965954077594, 86.69833729216153, 76.04908946951703, 5.7007125890736345]
}