{
    "coeff": [0, 0.1, 0.2, 0.3, 0.4, 0.5, 0.6, 0.7, 0.8, 0.9, 1.0],
    "CNN": [95.11, 78.47, 66.85, 59.37, 53.48, 48.97, 46.2, 43.98, 41.86, 40.17, 38.77],
    "CNNKAN": [97.7, 78.14, 66.79, 59.71, 54.41, 50.89, 47.89, 46.12, 44, 42.51, 41.08],
    "CKAN": [93.12, 76.96, 64.34, 54.96, 48.01, 42.79, 38.96, 36.7,34.06, 32.22, 31.272],
    "CNN_rain": [85.43942992874109, 82.51781472684085, 80.75217735550277, 78.8202692003167, 77.70387965162313, 76.14410134600158, 75.39192399049881, 73.76088677751386, 73.00079176563737, 71.92399049881236, 71.09263657957244],
    "CNNKAN_rain": [93.95882818685669, 89.62787015043547, 87.40300870942201, 84.98020585906572, 82.63657957244655, 80.58590657165479, 78.40063341250989, 76.69833729216153, 75.22565320665083, 73.80839271575614, 71.91607284243864],
    "CNN_mix": [91.52019002375297, 84.78226444972289, 79.40617577197149, 75.5106888361045, 71.88440221694378, 69.75455265241489, 67.82264449722882, 66.19160728424386, 63.93507521773555, 63.00870942201109, 62.216943784639746],
    "CNNKAN_mix": [95.08313539192399, 87.1654790182106, 81.5360253365004, 76.8646080760095, 73.09580364212194, 69.92082343626286, 67.96516231195567, 65.66112430720507, 63.56294536817102, 62.193190815518605, 61.04513064133017]
}